image_18,image_23,image_28,image_33,image_38,image_43,image_48,image_53,image_58,image_63,image_68,image_73,image_78,image_83
aged_images/18_seed0002.png,aged_images/23_seed0002.png,aged_images/28_seed0002.png,aged_images/33_seed0002.png,aged_images/38_seed0002.png,aged_images/43_seed0002.png,aged_images/48_seed0002.png,aged_images/53_seed0002.png,aged_images/58_seed0002.png,aged_images/63_seed0002.png,aged_images/68_seed0002.png,aged_images/73_seed0002.png,aged_images/78_seed0002.png,aged_images/83_seed0002.png
aged_images/18_seed0003.png,aged_images/23_seed0003.png,aged_images/28_seed0003.png,aged_images/33_seed0003.png,aged_images/38_seed0003.png,aged_images/43_seed0003.png,aged_images/48_seed0003.png,aged_images/53_seed0003.png,aged_images/58_seed0003.png,aged_images/63_seed0003.png,aged_images/68_seed0003.png,aged_images/73_seed0003.png,aged_images/78_seed0003.png,aged_images/83_seed0003.png
aged_images/18_seed0004.png,aged_images/23_seed0004.png,aged_images/28_seed0004.png,aged_images/33_seed0004.png,aged_images/38_seed0004.png,aged_images/43_seed0004.png,aged_images/48_seed0004.png,aged_images/53_seed0004.png,aged_images/58_seed0004.png,aged_images/63_seed0004.png,aged_images/68_seed0004.png,aged_images/73_seed0004.png,aged_images/78_seed0004.png,aged_images/83_seed0004.png
aged_images/18_seed0005.png,aged_images/23_seed0005.png,aged_images/28_seed0005.png,aged_images/33_seed0005.png,aged_images/38_seed0005.png,aged_images/43_seed0005.png,aged_images/48_seed0005.png,aged_images/53_seed0005.png,aged_images/58_seed0005.png,aged_images/63_seed0005.png,aged_images/68_seed0005.png,aged_images/73_seed0005.png,aged_images/78_seed0005.png,aged_images/83_seed0005.png
aged_images/18_seed0006.png,aged_images/23_seed0006.png,aged_images/28_seed0006.png,aged_images/33_seed0006.png,aged_images/38_seed0006.png,aged_images/43_seed0006.png,aged_images/48_seed0006.png,aged_images/53_seed0006.png,aged_images/58_seed0006.png,aged_images/63_seed0006.png,aged_images/68_seed0006.png,aged_images/73_seed0006.png,aged_images/78_seed0006.png,aged_images/83_seed0006.png
aged_images/18_seed0007.png,aged_images/23_seed0007.png,aged_images/28_seed0007.png,aged_images/33_seed0007.png,aged_images/38_seed0007.png,aged_images/43_seed0007.png,aged_images/48_seed0007.png,aged_images/53_seed0007.png,aged_images/58_seed0007.png,aged_images/63_seed0007.png,aged_images/68_seed0007.png,aged_images/73_seed0007.png,aged_images/78_seed0007.png,aged_images/83_seed0007.png
aged_images/18_seed0008.png,aged_images/23_seed0008.png,aged_images/28_seed0008.png,aged_images/33_seed0008.png,aged_images/38_seed0008.png,aged_images/43_seed0008.png,aged_images/48_seed0008.png,aged_images/53_seed0008.png,aged_images/58_seed0008.png,aged_images/63_seed0008.png,aged_images/68_seed0008.png,aged_images/73_seed0008.png,aged_images/78_seed0008.png,aged_images/83_seed0008.png
aged_images/18_seed0009.png,aged_images/23_seed0009.png,aged_images/28_seed0009.png,aged_images/33_seed0009.png,aged_images/38_seed0009.png,aged_images/43_seed0009.png,aged_images/48_seed0009.png,aged_images/53_seed0009.png,aged_images/58_seed0009.png,aged_images/63_seed0009.png,aged_images/68_seed0009.png,aged_images/73_seed0009.png,aged_images/78_seed0009.png,aged_images/83_seed0009.png
aged_images/18_seed0010.png,aged_images/23_seed0010.png,aged_images/28_seed0010.png,aged_images/33_seed0010.png,aged_images/38_seed0010.png,aged_images/43_seed0010.png,aged_images/48_seed0010.png,aged_images/53_seed0010.png,aged_images/58_seed0010.png,aged_images/63_seed0010.png,aged_images/68_seed0010.png,aged_images/73_seed0010.png,aged_images/78_seed0010.png,aged_images/83_seed0010.png
aged_images/18_seed0011.png,aged_images/23_seed0011.png,aged_images/28_seed0011.png,aged_images/33_seed0011.png,aged_images/38_seed0011.png,aged_images/43_seed0011.png,aged_images/48_seed0011.png,aged_images/53_seed0011.png,aged_images/58_seed0011.png,aged_images/63_seed0011.png,aged_images/68_seed0011.png,aged_images/73_seed0011.png,aged_images/78_seed0011.png,aged_images/83_seed0011.png
